round,selected,accuracy,comm_time,comm_energy,comp_energy,jain_index
0,"[4, 9, 6, 2, 5, 10]",0.08984375,4.5,6.75,4.03,0.49999999999305555
1,"[7, 0, 11, 8, 3, 6]",0.08984375,4.5,6.75,5.95,0.8571428571377552
2,"[1, 4, 2, 9, 5, 6]",0.08984375,4.5,6.75,3.705,0.8437499999978028
3,"[10, 7, 4, 11, 8, 6]",0.08984375,4.5,6.75,5.005000000000001,0.8571428571415817
4,"[0, 1, 3, 2, 5, 6]",0.08984375,4.5,6.75,5.045,0.8928571428562571
